1,Weber, Hope P.,turpis.non.enim@vitae.ca,2894 Mauris Rd.,Nasino,Comoros
2,Walker, Orson W.,Ut.sagittis.lobortis@vitaealiquam.co.uk,Ap #832-3203 Tincidunt St.,Trogn'e,Hong Kong
3,Bentley, Jacqueline M.,sem.mollis@tortor.net,Ap #733-218 Arcu Avenue,Vallepietra,Kenya
4,Cross, Rudyard Z.,dis.parturient.montes@amet.org,Ap #358-507 Sed St.,Rixensart,"Palestine, State of"
5,Mosley, Helen W.,ullamcorper.eu.euismod@ipsumdolorsit.ca,275-158 Et St.,St. Asaph,Cyprus
6,Cobb, Darrel E.,amet.consectetuer.adipiscing@lorem.net,"P.O. Box 519, 9230 Ante, St.",Erpion,Spain
7,Palmer, Owen T.,ac.eleifend@vitaesemperegestas.edu,720-6205 Est. St.,Montpelier,"Korea, North"
8,Johnson, Tanek I.,hendrerit.neque.In@sempereratin.ca,"P.O. Box 866, 9976 Orci, Avenue",Che?m,Bolivia
9,Santiago, Moana G.,eget.mollis@felisorci.co.uk,"P.O. Box 884, 2174 Ante Avenue",Gontrode,Chad
10,Mayer, Dillon B.,Nullam.suscipit.est@scelerisquedui.org,"270-6956 Est, Rd.",Lienz,Lebanon
11,Terrell, Levi O.,varius.Nam.porttitor@vel.ca,Ap #358-738 Sed Av.,St. Paul,Serbia
12,Britt, Dolan O.,quis.pede@semper.org,9416 Accumsan Av.,Mira Bhayandar,Qatar
13,Hogan, Zeph T.,tellus@tempor.org,"P.O. Box 754, 6925 Eget, Av.",Kidderminster,Fiji
14,Grant, Jaquelyn V.,sociis@auctornon.edu,"P.O. Box 721, 2001 Elementum Avenue",Braunau am Inn,Eritrea
15,Cain, Brooke V.,taciti.sociosqu.ad@montes.co.uk,"P.O. Box 405, 1797 Amet Ave",Tenby,Djibouti
16,Bray, Danielle A.,est.Nunc@variusNamporttitor.org,5151 Parturient Av.,Burns Lake,British Indian Ocean Territory
17,Fisher, Patience H.,purus.in@Donecfeugiat.org,7645 Mattis. Rd.,My,Latvia
18,Reynolds, Oliver O.,orci@Aeneansed.edu,Ap #899-4229 Duis St.,Mol,Yemen
19,Yang, Abel F.,imperdiet.non@Namporttitorscelerisque.com,119-3738 Aliquam Rd.,Devon,Luxembourg
20,Wooten, Rhea L.,at.fringilla@odioapurus.ca,"263-7641 Non, Street",Rotem,New Zealand
21,Jackson, Nita G.,ornare.elit@pede.co.uk,"P.O. Box 524, 4337 Id, Rd.",Montereale,Uzbekistan
22,Sheppard, Bethany S.,dui@nonummyultricies.com,3643 Posuere Av.,Rijkevorsel,Svalbard and Jan Mayen Islands
23,Shelton, Timon K.,enim@facilisisvitaeorci.co.uk,3187 Ipsum St.,San Antonio,Burkina Faso
24,Robertson, Kirestin X.,vestibulum.lorem.sit@dictumeleifendnunc.edu,"P.O. Box 487, 5906 Augue. Rd.",Helkijn,Tunisia
25,Sweeney, Gay K.,erat.volutpat@magnaet.net,"P.O. Box 303, 1370 Arcu. Ave",Mold,China
26,Day, Pascale E.,arcu.iaculis@loremsit.com,Ap #561-1479 Luctus Road,Mannheim,Rwanda
27,Greer, Jelani J.,eu.turpis.Nulla@Utnecurna.net,"Ap #951-7099 Vitae, Rd.",Perugia,Azerbaijan
28,Justice, Harlan O.,pede.et.risus@consequatlectus.org,"P.O. Box 751, 4838 Ornare. Rd.",Elversele,Austria
29,Simmons, Omar A.,consequat.enim@urnaconvallis.co.uk,Ap #753-9651 Tempor Ave,Challand-Saint-Victor,Honduras
30,Matthews, Amber G.,Phasellus.dapibus@feugiattellus.co.uk,552-4342 Sed St.,Enines,Angola
31,Rivers, Shelley R.,ullamcorper.Duis.cursus@vitaevelit.net,"P.O. Box 617, 6461 Nulla Ave",Blankenfelde-Mahlow,Austria
32,Koch, Brynn B.,Duis.ac.arcu@adipiscing.ca,468-9210 Posuere Street,Waitara,Morocco
33,Miller, Dahlia Q.,massa.Mauris.vestibulum@necante.co.uk,"P.O. Box 631, 5628 Sagittis Av.",Leke,Cambodia
34,Gay, Hashim J.,dui.quis@nec.net,7642 Lectus Avenue,Weiterstadt,Pitcairn Islands
35,Weeks, Latifah F.,lectus.pede.ultrices@nulla.ca,2918 Molestie Rd.,Loughborough,Saint Barth�lemy
36,Ford, Allen O.,purus.accumsan@urnaNunc.co.uk,9747 Dui Ave,Allerona,Poland
37,Rich, Emery C.,magnis@luctus.org,"P.O. Box 423, 1254 Sit St.",Port Hope,Denmark
38,Roman, Pearl O.,magna@egestasDuis.ca,3095 Eget St.,Ramara,Chad
39,Gray, Rogan T.,vel@necurna.net,Ap #319-4780 Ut Avenue,Hollange,Mexico
40,Smith, Dahlia S.,consectetuer.adipiscing@ridiculus.ca,"P.O. Box 994, 5971 Amet St.",Sint-Niklaas,Senegal
41,Williams, Clare K.,magna.Praesent@et.org,"P.O. Box 691, 7963 Auctor St.",Montaldo Bormida,Taiwan
42,Shelton, Roanna U.,congue.a@orciadipiscing.com,394-309 Velit Street,Jundia�,Equatorial Guinea
43,Diaz, Orson V.,ligula.elit@sagittisplaceratCras.net,3059 Magna. Rd.,Nimy,Thailand
44,Conley, Karleigh S.,mus.Proin@ornareFuscemollis.co.uk,859-7524 Massa. Avenue,Avellino,China
45,Russell, Eagan U.,lorem.sit@ligulaeu.ca,"P.O. Box 762, 3821 Ac Street",Hofheim am Taunus,Guatemala
46,Meyers, Zelda M.,netus.et.malesuada@tellus.co.uk,3761 Eu St.,Tarbes,Thailand
47,Carver, Renee N.,a.felis@gravidasagittis.com,"Ap #725-6655 Orci, Av.",Ponti,Malaysia
48,Mcleod, Kameko Z.,in.felis@malesuada.net,8418 Et St.,Penhold,French Guiana
49,Roman, Jakeem A.,ipsum.Suspendisse.sagittis@convallis.com,328-5320 Habitant Avenue,Greymouth,Mali
50,Britt, Keiko V.,Vivamus@CuraePhasellus.co.uk,720-7855 Velit. Av.,Santu Lussurgiu,Pakistan
